Property/Metric,Value,Threshold,Score,Source,Formula - Info
File Name,example.wav,-,-,-,\( \text{Size:\ MB,\ GB} \)
File Size,4.2 MB,-,-,-,-
MIME Type,audio/wav,-,-,-,-
Extension,.wav,-,-,-,-
Encoding,PCM,-,-,-,-
Title,Example Title,-,-,-,-
Artist,Example Artist,-,-,-,-
Album,Example Album,-,-,-,-
Genre,Rock,-,-,-,-
Year,2023,-,-,-,-
Track Number,1,-,-,-,-
Composer,Composer Name,-,-,-,-
Lyrics,Example Lyrics,-,-,-,-
Publisher,Example Publisher,-,-,-,-
Disc Number,1,-,-,-,-
Encoder,PCM Encoder,-,-,-,-
Language,English,-,-,-,-
Copyright,Public Domain,-,-,-,-
ISRC,1234567890,-,-,-,-
BPM,120,-,-,-,-
Album Artist,Example Artist,-,-,-,-
Key,C,-,-,-,-
Initial Key,C Major,-,-,-,-
Length,03:45,-,-,-,-
Comments,No Comments,-,-,-,-
